"区切","伝票区分コード","伝票区分","売上日付","請求日付","伝票No.","受注No.","仮出荷No.","得意先コード","得意先名１","得意先名２","請求先コード","請求先名１","請求先名２","税額通知コード","税額通知","得意先担当者","部門コード","部門名","担当者コード","担当者名","信販会社コード","信販会社名１","信販会社名２","摘要","摘要２","摘要３","伝票フラグコード","伝票フラグ","直送先コード","直送先名１","直送先名２","直送先担当者","直送先敬称","直送先略称","直送先郵便番号","直送先住所１","直送先住所２","直送先電話番号","直送先FAX番号","回収期日","信販手数料","入金摘要","売上区分コード","売上区分","商品コード","商品名","注文No.","入数","箱数","数量","単位","単価","単位原価","売単価","売上金額","売上原価","売価金額","課税区分コード","課税区分","取引状態区分コード","取引状態区分","税込区分コード","税込区分","原価税込区分コード","原価税込区分","入数小数桁","箱数小数桁","数量小数桁","単価小数桁","消費税","原価消費税","同時処理コード","同時処理","仕入先コード","仕入先名１","仕入先名２","仕入先担当者","付箋色コード","付箋色","付箋メモ","登録日付","登録者名","修正日付","修正者名"
"*",0,"掛売上",2025/07/11,2025/07/09,"8772","","","28001","JAよこすか葉山　経済センター","","85220","全国農業協同組合連合会","",3,"無税","","0000","その他","0004","松葉　良太","","","","ｻｶﾀ　渡邊政子様","","",0,"通常伝票","","","","","","","","","","","",,0,"",0,"売上","562250-10-802","紅　化　粧　　　20mlＹ特価","1",0,0,1,"袋",1359,0,1400,1359,0,1400,0,"不課税",0,"対象外",,"",,"",0,0,0,0,0,0,0,"しない","","","","",,"","",2025/07/11 17:32:28,"matsuba",,""
"",0,"掛売上",2025/07/11,2025/07/09,"8772","","","28001","JAよこすか葉山　経済センター","","85220","全国農業協同組合連合会","",3,"無税","","0000","その他","0004","松葉　良太","","","","ｻｶﾀ　渡邊政子様","","",0,"通常伝票","","","","","","","","","","","",,0,"",0,"売上","562250-10-227","天安紅心２号　　　　　20m 720円","1",0,0,1,"袋",560,0,576,560,0,576,0,"不課税",0,"対象外",,"",,"",0,0,0,0,0,0,0,"しない","","","","",,"","",2025/07/11 17:32:28,"matsuba",,""
"*",0,"掛売上",2025/07/11,2025/07/09,"8771","","","28001","JAよこすか葉山　経済センター","","85220","全国農業協同組合連合会","",3,"無税","","0000","その他","0004","松葉　良太","","","","ﾄｰﾎｸ　渡邊政子様","","",0,"通常伝票","","","","","","","","","","","",,0,"",0,"売上","562250-05-063","F1  紅しぐれ　　　　小袋5ml 390円","1",0,0,1,"袋",323,0,332,323,0,332,0,"不課税",0,"対象外",,"",,"",0,0,0,0,0,0,0,"しない","","","","",,"","",2025/07/11 17:31:21,"matsuba",,""
"*",0,"掛売上",2025/07/11,2025/07/09,"8770","","","40001","JA秦野市　JAグリーン","","85220","全国農業協同組合連合会","",3,"無税","","0000","その他","0004","松葉　良太","","","","ﾄｰﾎｸ　人参出荷組合様","","",0,"通常伝票","","","","","","","","","","","",,0,"",0,"売上","563150-05-500","アロマレッド　　　 ｺｰﾄ1万粒 H特価","12",0,0,1,"袋",4507,0,4602,4507,0,4602,0,"不課税",0,"対象外",,"",,"",0,0,0,0,0,0,0,"しない","","","","",,"","",2025/07/11 17:30:27,"matsuba",,""
"",0,"掛売上",2025/07/11,2025/07/09,"8770","","","40001","JA秦野市　JAグリーン","","85220","全国農業協同組合連合会","",3,"無税","","0000","その他","0004","松葉　良太","","","","ﾄｰﾎｸ　人参出荷組合様","","",0,"通常伝票","","","","","","","","","","","",,0,"",0,"売上","563150-05-502","F1 アロマ810 人参　ｺｰﾄ1万粒 H特価","12",0,0,1,"袋",4966,0,5070,4966,0,5070,0,"不課税",0,"対象外",,"",,"",0,0,0,0,0,0,0,"しない","","","","",,"","",2025/07/11 17:30:27,"matsuba",,""
"*",0,"掛売上",2025/07/11,2025/07/09,"8769","","","28001","JAよこすか葉山　経済センター","","85220","全国農業協同組合連合会","",3,"無税","","0000","その他","0004","松葉　良太","","","","ﾀｷｲ　渡邊政子様","","",0,"通常伝票","","","","","","","","","","","",,0,"",0,"売上","562250-18-317","お　ふ　く　ろ　　　 　 DF580円18ml","12",0,0,2,"袋",451,0,464,902,0,928,0,"不課税",0,"対象外",,"",,"",0,0,0,0,0,0,0,"しない","","","","",,"","",2025/07/11 17:29:19,"matsuba",,""
"",0,"掛売上",2025/07/11,2025/07/09,"8769","","","28001","JAよこすか葉山　経済センター","","85220","全国農業協同組合連合会","",3,"無税","","0000","その他","0004","松葉　良太","","","","ﾀｷｲ　渡邊政子様","","",0,"通常伝票","","","","","","","","","","","",,0,"",0,"売上","563150-18-003","向　陽　２　号　　 ｺｰﾄ700粒","12",0,0,1,"袋",483,0,512,483,0,512,0,"不課税",0,"対象外",,"",,"",0,0,0,0,0,0,0,"しない","","","","",,"","",2025/07/11 17:29:19,"matsuba",,""
"*",0,"掛売上",2025/07/11,2025/07/09,"8768","","","52005","JA 厚木市　小鮎支所","","85220","全国農業協同組合連合会","",3,"無税","","0000","その他","0004","松葉　良太","","","","ﾀｷｲ","","",0,"通常伝票","","","","","","","","","","","",,0,"",0,"売上","563350-18-091","彩　　　　　里　 ｺｰﾄ5000粒","14",0,0,1,"袋",11281,0,12320,11281,0,12320,0,"不課税",0,"対象外",,"",,"",0,0,0,0,0,0,0,"しない","","","","",,"","",2025/07/11 17:27:59,"matsuba",,""
"*",0,"掛売上",2025/07/11,2025/07/09,"8767","","","30001","三浦市農協　購買部","","85220","全国農業協同組合連合会","",3,"無税","","0000","その他","0004","松葉　良太","","","","ﾄｰﾎｸ　青木様","","",0,"通常伝票","","","","","","","","","","","",,0,"",0,"売上","562150-05-001","ｽｲｶｼｰﾙ　おおとり　　　　１束1000枚","1",0,0,10,"束",1433,0,1500,14330,0,15000,0,"不課税",0,"対象外",,"",,"",0,0,0,0,0,0,0,"しない","","","","",,"","",2025/07/11 17:27:07,"matsuba",,""
"*",0,"掛売上",2025/07/11,2025/07/09,"8766","","","30001","三浦市農協　購買部","","85220","全国農業協同組合連合会","",3,"無税","","0000","その他","0004","松葉　良太","","","","ﾄｰﾎｸ　青木様　北部ｾﾝﾀｰ直送","","",0,"通常伝票","","","","","","","","","","","",,0,"",0,"売上","562150-05-001","ｽｲｶｼｰﾙ　おおとり　　　　１束1000枚","1",0,0,10,"束",1433,0,1500,14330,0,15000,0,"不課税",0,"対象外",,"",,"",0,0,0,0,0,0,0,"しない","","","","",,"","",2025/07/11 17:26:19,"matsuba",,""
"*",0,"掛売上",2025/07/11,2025/07/08,"8765","","","31137","JAさがみ　座間営農経済センター","","85220","全国農業協同組合連合会","",3,"無税","","0000","その他","0004","松葉　良太","","","","ﾀｷｲ　芥川ミツエ様","","",0,"通常伝票","","","","","","","","","","","",,0,"",0,"売上","563150-18-137","京くれないEX　　　P200粒 470円","12",0,0,1,"袋",330,0,376,330,0,376,0,"不課税",0,"対象外",,"",,"",0,0,0,0,0,0,0,"しない","","","","",,"","",2025/07/11 17:25:12,"matsuba",,""
"",0,"掛売上",2025/07/11,2025/07/08,"8765","","","31137","JAさがみ　座間営農経済センター","","85220","全国農業協同組合連合会","",3,"無税","","0000","その他","0004","松葉　良太","","","","ﾀｷｲ　芥川ミツエ様","","",0,"通常伝票","","","","","","","","","","","",,0,"",0,"売上","562850-18-007","オレンジクィン　　 ｺｰﾄ100粒","9",0,0,2,"袋",319,0,328,638,0,656,0,"不課税",0,"対象外",,"",,"",0,0,0,0,0,0,0,"しない","","","","",,"","",2025/07/11 17:25:12,"matsuba",,""
"*",0,"掛売上",2025/07/11,2025/07/08,"8764","","","31137","JAさがみ　座間営農経済センター","","85220","全国農業協同組合連合会","",3,"無税","","0000","その他","0004","松葉　良太","","","","ﾌﾞﾛﾘｰﾄﾞ　芥川ミツエ様","","",0,"通常伝票","","","","","","","","","","","",,0,"",0,"売上","563750-34-068","フ ァ イ タ ー      小袋100粒 530円","18",0,0,1,"袋",412,0,424,412,0,424,0,"不課税",0,"対象外",,"",,"",0,0,0,0,0,0,0,"しない","","","","",,"","",2025/07/11 17:24:09,"matsuba",,""
"",0,"掛売上",2025/07/11,2025/07/08,"8764","","","31137","JAさがみ　座間営農経済センター","","85220","全国農業協同組合連合会","",3,"無税","","0000","その他","0004","松葉　良太","","","","ﾌﾞﾛﾘｰﾄﾞ　芥川ミツエ様","","",0,"通常伝票","","","","","","","","","","","",,0,"",0,"売上","563750-34-008","す　　ば　　る　　　小袋100粒 530円","18",0,0,1,"袋",412,0,424,412,0,424,0,"不課税",0,"対象外",,"",,"",0,0,0,0,0,0,0,"しない","","","","",,"","",2025/07/11 17:24:09,"matsuba",,""
"*",0,"掛売上",2025/07/11,2025/07/07,"8763","","","85904","JA セレサ川崎　パーシモン","","85220","全国農業協同組合連合会","",3,"無税","","0000","その他","0004","松葉　良太","","","","ｻｶﾀ　関口吉広様","","",0,"通常伝票","","","","","","","","","","","",,0,"",0,"売上","563750-10-014","グランドーム(秋のみ)実咲ﾍﾟﾚｯﾄ125粒 550円","18",0,0,2,"袋",428,0,440,856,0,880,0,"不課税",0,"対象外",,"",,"",0,0,0,0,0,0,0,"しない","","","","",,"","",2025/07/11 17:22:54,"matsuba",,""
"*",0,"掛売上",2025/07/11,2025/07/07,"8762","","","85904","JA セレサ川崎　パーシモン","","85220","全国農業協同組合連合会","",3,"無税","","0000","その他","0004","松葉　良太","","","","ﾀｷｲ　長谷川様　関口様","","",0,"通常伝票","","","","","","","","","","","",,0,"",0,"売上","563150-18-008","Ｄｒ．カロテン５　 ｺｰﾄ700粒","12",0,0,3,"袋",438,0,464,1314,0,1392,0,"不課税",0,"対象外",,"",,"",0,0,0,0,0,0,0,"しない","","","","",,"","",2025/07/11 17:21:39,"matsuba",,""
"",0,"掛売上",2025/07/11,2025/07/07,"8762","","","85904","JA セレサ川崎　パーシモン","","85220","全国農業協同組合連合会","",3,"無税","","0000","その他","0004","松葉　良太","","","","ﾀｷｲ　長谷川様　関口様","","",0,"通常伝票","","","","","","","","","","","",,0,"",0,"売上","562250-18-069","夏　の　翼　　　　　　20ml","1",0,0,2,"袋",982,0,1040,1964,0,2080,0,"不課税",0,"対象外",,"",,"",0,0,0,0,0,0,0,"しない","","","","",,"","",2025/07/11 17:21:39,"matsuba",,""
"",0,"掛売上",2025/07/11,2025/07/07,"8762","","","85904","JA セレサ川崎　パーシモン","","85220","全国農業協同組合連合会","",3,"無税","","0000","その他","0004","松葉　良太","","","","ﾀｷｲ　長谷川様　関口様","","",0,"通常伝票","","","","","","","","","","","",,0,"",0,"売上","562250-18-007","耐 病 総 太 り  　 　DF580円","1",0,0,2,"袋",451,0,464,902,0,928,0,"不課税",0,"対象外",,"",,"",0,0,0,0,0,0,0,"しない","","","","",,"","",2025/07/11 17:21:39,"matsuba",,""
"",0,"掛売上",2025/07/11,2025/07/07,"8762","","","85904","JA セレサ川崎　パーシモン","","85220","全国農業協同組合連合会","",3,"無税","","0000","その他","0004","松葉　良太","","","","ﾀｷｲ　長谷川様　関口様","","",0,"通常伝票","","","","","","","","","","","",,0,"",0,"売上","562850-18-077","CRお黄にいり　　ｺｰﾄ100粒","9",0,0,3,"袋",319,0,328,957,0,984,0,"不課税",0,"対象外",,"",,"",0,0,0,0,0,0,0,"しない","","","","",,"","",2025/07/11 17:21:39,"matsuba",,""
"",0,"掛売上",2025/07/11,2025/07/07,"8762","","","85904","JA セレサ川崎　パーシモン","","85220","全国農業協同組合連合会","",3,"無税","","0000","その他","0004","松葉　良太","","","","ﾀｷｲ　長谷川様　関口様","","",0,"通常伝票","","","","","","","","","","","",,0,"",0,"売上","563350-18-295","春　　　　　波　　　　P150粒","14",0,0,1,"袋",498,0,512,498,0,512,0,"不課税",0,"対象外",,"",,"",0,0,0,0,0,0,0,"しない","","","","",,"","",2025/07/11 17:21:39,"matsuba",,""
"*",0,"掛売上",2025/07/11,2025/07/07,"8761","","","85901","湘南グリーンショップ","","85220","全国農業協同組合連合会","",3,"無税","","0000","その他","0004","松葉　良太","","","","ﾀｷｲ","","",0,"通常伝票","","","","","","","","","","","",,0,"",0,"売上","563150-18-003","向　陽　２　号　　 ｺｰﾄ700粒","12",0,0,2,"袋",483,0,512,966,0,1024,0,"不課税",0,"対象外",,"",,"",0,0,0,0,0,0,0,"しない","","","","",,"","",2025/07/11 17:19:59,"matsuba",,""
"*",0,"掛売上",2025/07/11,2025/07/07,"8760","","","14250","JA横浜　メルカート田奈","","85220","全国農業協同組合連合会","",3,"無税","","0000","その他","0004","松葉　良太","","","","ｻｶﾀ","","",0,"通常伝票","","","","","","","","","","","",,0,"",0,"売上","562250-10-264","夏相撲 (強力夏大根)　　　実咲450円","1",0,0,1,"袋",350,0,360,350,0,360,0,"不課税",0,"対象外",,"",,"",0,0,0,0,0,0,0,"しない","","","","",,"","",2025/07/11 17:18:57,"matsuba",,""
"",0,"掛売上",2025/07/11,2025/07/07,"8760","","","14250","JA横浜　メルカート田奈","","85220","全国農業協同組合連合会","",3,"無税","","0000","その他","0004","松葉　良太","","","","ｻｶﾀ","","",0,"通常伝票","","","","","","","","","","","",,0,"",0,"売上","562250-10-259","冬の守　(高品質肌美人)　  実450円","1",0,0,1,"袋",350,0,360,350,0,360,0,"不課税",0,"対象外",,"",,"",0,0,0,0,0,0,0,"しない","","","","",,"","",2025/07/11 17:18:57,"matsuba",,""
"",0,"掛売上",2025/07/11,2025/07/07,"8760","","","14250","JA横浜　メルカート田奈","","85220","全国農業協同組合連合会","",3,"無税","","0000","その他","0004","松葉　良太","","","","ｻｶﾀ","","",0,"通常伝票","","","","","","","","","","","",,0,"",0,"売上","562250-10-254","春の守　まき時期ながーい　実450円","1",0,0,1,"袋",350,0,360,350,0,360,0,"不課税",0,"対象外",,"",,"",0,0,0,0,0,0,0,"しない","","","","",,"","",2025/07/11 17:18:57,"matsuba",,""
"*",0,"掛売上",2025/07/11,2025/07/07,"8759","","","30001","三浦市農協　購買部","","85220","全国農業協同組合連合会","",3,"無税","","0000","その他","0004","松葉　良太","","","","ｶﾈｺ　渡辺様　生種　予約9809,9816","","",0,"通常伝票","","","","","","","","","","","",,0,"",0,"売上","562550-07-707","ワイルドホープ　　P M3万粒 M特価","6",0,0,6,"袋",3301,0,3400,19806,0,20400,0,"不課税",0,"対象外",,"",,"",0,0,0,0,0,0,0,"しない","","","","",,"","",2025/07/11 17:17:42,"matsuba",,""
"*",0,"掛売上",2025/07/11,2025/07/07,"8758","","","31137","JAさがみ　座間営農経済センター","","85220","全国農業協同組合連合会","",3,"無税","","0000","その他","0004","松葉　良太","","","","ｻｶﾀ　清水牧場様","","",0,"通常伝票","","","","","","","","","","","",,0,"",0,"売上","563350-10-197","金瑛（SK8－448）　　 2000粒 5450円","14",0,0,1,"袋",3992,0,4360,3992,0,4360,0,"不課税",0,"対象外",,"",,"",0,0,0,0,0,0,0,"しない","","","","",,"","",2025/07/11 17:16:34,"matsuba",,""
"",0,"掛売上",2025/07/11,2025/07/07,"8758","","","31137","JAさがみ　座間営農経済センター","","85220","全国農業協同組合連合会","",3,"無税","","0000","その他","0004","松葉　良太","","","","ｻｶﾀ　清水牧場様","","",0,"通常伝票","","","","","","","","","","","",,0,"",0,"売上","563350-10-001","金　系　２０１号　　ｺｰﾄ5000粒 15000円","14",0,0,1,"瓶",10988,0,12000,10988,0,12000,0,"不課税",0,"対象外",,"",,"",0,0,0,0,0,0,0,"しない","","","","",,"","",2025/07/11 17:16:34,"matsuba",,""
"*",0,"掛売上",2025/07/11,2025/07/07,"8757","","","28001","JAよこすか葉山　経済センター","","85220","全国農業協同組合連合会","",3,"無税","","0000","その他","0004","松葉　良太","","","","ｻｶﾀ　山田達彦様","","",0,"通常伝票","","","","","","","","","","","",,0,"",0,"売上","562550-10-813","ミラージュ　　L２万粒Ｙ特価","6",0,0,1,"袋",3301,0,3400,3301,0,3400,0,"不課税",0,"対象外",,"",,"",0,0,0,0,0,0,0,"しない","","","","",,"","",2025/07/11 17:15:33,"matsuba",,""
"*",0,"掛売上",2025/07/11,2025/07/04,"8756","","","40001","JA秦野市　JAグリーン","","85220","全国農業協同組合連合会","",3,"無税","","0000","その他","0004","松葉　良太","","","","ｻｶﾀ","","",0,"通常伝票","","","","","","","","","","","",,0,"",0,"売上","563750-10-007","ピ　ク　セ　ル　　 2000粒  7250円","18",0,0,1,"袋",5311,0,5800,5311,0,5800,0,"不課税",0,"対象外",,"",,"",0,0,0,0,0,0,0,"しない","","","","",,"","",2025/07/11 17:14:43,"matsuba",,""
"*",0,"掛売上",2025/07/11,2025/07/04,"8755","","","23110","JAセレサ川崎　経済センター","","85220","全国農業協同組合連合会","",3,"無税","","0000","その他","0004","松葉　良太","","","","ｻｶﾀ　秋山勲様","","",0,"通常伝票","","","","","","","","","","","",,0,"",0,"売上","563350-10-134","新　　藍 (あまうまｷｬﾍﾞﾂ)　実450円","14",0,0,7,"袋",350,0,360,2450,0,2520,0,"不課税",0,"対象外",,"",,"",0,0,0,0,0,0,0,"しない","","","","",,"","",2025/07/11 17:13:33,"matsuba",,""
"",0,"掛売上",2025/07/11,2025/07/04,"8755","","","23110","JAセレサ川崎　経済センター","","85220","全国農業協同組合連合会","",3,"無税","","0000","その他","0004","松葉　良太","","","","ｻｶﾀ　秋山勲様","","",0,"通常伝票","","","","","","","","","","","",,0,"",0,"売上","562950-10-050","中蕪 玉波(あまうま中かぶ)実450円 品切","10",0,0,7,"袋",350,0,360,2450,0,2520,0,"不課税",0,"対象外",,"",,"",0,0,0,0,0,0,0,"しない","","","","",,"","",2025/07/11 17:13:33,"matsuba",,""
"*",0,"掛売上",2025/07/11,2025/07/04,"8754","","","31137","JAさがみ　座間営農経済センター","","85220","全国農業協同組合連合会","",3,"無税","","0000","その他","0004","松葉　良太","","","","ｻｶﾀ　片野一豊様","","",0,"通常伝票","","","","","","","","","","","",,0,"",0,"売上","563750-10-111","アーリーキャノン（SK8-123）　ｺｰﾄ5000粒","18",0,0,1,"瓶",15016,0,16400,15016,0,16400,0,"不課税",0,"対象外",,"",,"",0,0,0,0,0,0,0,"しない","","","","",,"","",2025/07/11 17:12:19,"matsuba",,""
"*",0,"掛売上",2025/07/11,2025/07/03,"8753","","","40001","JA秦野市　JAグリーン","","85220","全国農業協同組合連合会","",3,"無税","","0000","その他","0004","松葉　良太","","","","ﾀｷｲ　営農課","","",0,"通常伝票","","","","","","","","","","","",,0,"",0,"売上","566500-18-460","葉牡丹　F1　ﾌｪｻﾞｰﾚｯﾄﾞ　　1000粒","1",0,0,1,"袋",2955,0,3040,2955,0,3040,0,"不課税",0,"対象外",,"",,"",0,0,0,0,0,0,0,"しない","","","","",,"","",2025/07/11 17:11:06,"matsuba",,""
"",0,"掛売上",2025/07/11,2025/07/03,"8753","","","40001","JA秦野市　JAグリーン","","85220","全国農業協同組合連合会","",3,"無税","","0000","その他","0004","松葉　良太","","","","ﾀｷｲ　営農課","","",0,"通常伝票","","","","","","","","","","","",,0,"",0,"売上","566500-18-459","葉牡丹　F1　ﾌｪｻﾞｰﾎﾜｲﾄ　　1000粒","1",0,0,1,"袋",2955,0,3040,2955,0,3040,0,"不課税",0,"対象外",,"",,"",0,0,0,0,0,0,0,"しない","","","","",,"","",2025/07/11 17:11:06,"matsuba",,""
"*",0,"掛売上",2025/07/11,2025/07/03,"8752","","","85245","全農　JAｸﾞﾘｰﾝかながわ","","85220","全国農業協同組合連合会","",3,"無税","","0000","その他","0004","松葉　良太","","","","ｻｶﾀ","","",0,"通常伝票","","","","","","","","","","","",,0,"",0,"売上","562850-10-104","タイニーシュシュ (50日)　実450円","9",0,0,5,"袋",350,0,360,1750,0,1800,0,"不課税",0,"対象外",,"",,"",0,0,0,0,0,0,0,"しない","","","","",,"","",2025/07/11 17:09:47,"matsuba",,""
"*",0,"掛売上",2025/07/11,2025/07/02,"8751","","","40001","JA秦野市　JAグリーン","","85220","全国農業協同組合連合会","",3,"無税","","0000","その他","0004","松葉　良太","","","","ﾅﾝﾄ　新倉良夫様","","",0,"通常伝票","","","","","","","","","","","",,0,"",0,"売上","563150-26-006","紅 ﾍﾞﾆｶﾅﾃﾞ 奏　　　 ｺｰﾄ１万粒","12",0,0,3,"缶",4468,0,4880,13404,0,14640,0,"不課税",0,"対象外",,"",,"",0,0,0,0,0,0,0,"しない","","","","",,"","",2025/07/11 17:03:28,"matsuba",,""
"*",0,"掛売上",2025/07/11,2025/07/02,"8750","","","40001","JA秦野市　JAグリーン","","85220","全国農業協同組合連合会","",3,"無税","","0000","その他","0004","松葉　良太","","","","ﾄｰﾎｸ　人参出荷組合様","","",0,"通常伝票","","","","","","","","","","","",,0,"",0,"売上","563150-05-500","アロマレッド　　　 ｺｰﾄ1万粒 H特価","12",0,0,16,"袋",4507,0,4602,72112,0,73632,0,"不課税",0,"対象外",,"",,"",0,0,0,0,0,0,0,"しない","","","","",,"","",2025/07/11 17:02:27,"matsuba",,""
"",0,"掛売上",2025/07/11,2025/07/02,"8750","","","40001","JA秦野市　JAグリーン","","85220","全国農業協同組合連合会","",3,"無税","","0000","その他","0004","松葉　良太","","","","ﾄｰﾎｸ　人参出荷組合様","","",0,"通常伝票","","","","","","","","","","","",,0,"",0,"売上","563150-05-501","F1 アロマ809 人参　ｺｰﾄ1万粒 H特価","12",0,0,4,"瓶",4966,0,5070,19864,0,20280,0,"不課税",0,"対象外",,"",,"",0,0,0,0,0,0,0,"しない","","","","",,"","",2025/07/11 17:02:27,"matsuba",,""
"",0,"掛売上",2025/07/11,2025/07/02,"8750","","","40001","JA秦野市　JAグリーン","","85220","全国農業協同組合連合会","",3,"無税","","0000","その他","0004","松葉　良太","","","","ﾄｰﾎｸ　人参出荷組合様","","",0,"通常伝票","","","","","","","","","","","",,0,"",0,"売上","563150-05-502","F1 アロマ810 人参　ｺｰﾄ1万粒 H特価","12",0,0,3,"袋",4966,0,5070,14898,0,15210,0,"不課税",0,"対象外",,"",,"",0,0,0,0,0,0,0,"しない","","","","",,"","",2025/07/11 17:02:27,"matsuba",,""
"",0,"掛売上",2025/07/11,2025/07/02,"8750","","","40001","JA秦野市　JAグリーン","","85220","全国農業協同組合連合会","",3,"無税","","0000","その他","0004","松葉　良太","","","","ﾄｰﾎｸ　人参出荷組合様","","",0,"通常伝票","","","","","","","","","","","",,0,"",0,"売上","563150-05-008","F1  アロマレッド 小袋 5ml 350円","12",0,0,20,"袋",290,0,298,5800,0,5960,0,"不課税",0,"対象外",,"",,"",0,0,0,0,0,0,0,"しない","","","","",,"","",2025/07/11 17:02:27,"matsuba",,""
"*",0,"掛売上",2025/07/11,2025/07/02,"8749","","","28001","JAよこすか葉山　経済センター","","85220","全国農業協同組合連合会","",3,"無税","","0000","その他","0004","松葉　良太","","","","丸種　鈴木秀幸様","","",0,"通常伝票","","","","","","","","","","","",,0,"",0,"売上","562250-38-802","京 む ら さ き　　20ml Y特価","1",0,0,5,"袋",2286,0,2355,11430,0,11775,0,"不課税",0,"対象外",,"",,"",0,0,0,0,0,0,0,"しない","","","","",,"","",2025/07/11 17:00:58,"matsuba",,""
"*",0,"掛売上",2025/07/11,2025/07/02,"8748","","","28001","JAよこすか葉山　経済センター","","85220","全国農業協同組合連合会","",3,"無税","","0000","その他","0004","松葉　良太","","","","ｻｶﾀ　鈴木様　小泉様　岸様","","",0,"通常伝票","","","","","","","","","","","",,0,"",0,"売上","562550-10-174","ク ロ ノ ス (寒さに強い)　実350円","6",0,0,2,"袋",272,0,280,544,0,560,0,"不課税",0,"対象外",,"",,"",0,0,0,0,0,0,0,"しない","","","","",,"","",2025/07/11 17:00:03,"matsuba",,""
"*",0,"掛売上",2025/07/11,2025/07/02,"8747","","","52003","JA 厚木市　荻野支所","","85220","全国農業協同組合連合会","",3,"無税","","0000","その他","0004","松葉　良太","","","","丸種","","",0,"通常伝票","","","","","","","","","","","",,0,"",0,"売上","562250-38-031","YR　味 づ く り   　　　　 ２dl","1",0,0,1,"缶",8204,0,8960,8204,0,8960,0,"不課税",0,"対象外",,"",,"",0,0,0,0,0,0,0,"しない","","","","",,"","",2025/07/11 16:58:57,"matsuba",,""
"*",0,"掛売上",2025/07/11,2025/07/05,"8746","","","52003","JA 厚木市　荻野支所","","85220","全国農業協同組合連合会","",3,"無税","","0000","その他","0004","松葉　良太","","","","ﾀｷｲ","","",0,"通常伝票","","","","","","","","","","","",,0,"",0,"売上","563150-18-136","京くれないEX　　　ｺｰﾄ1万粒","12",0,0,1,"袋",6341,0,6800,6341,0,6800,0,"不課税",0,"対象外",,"",,"",0,0,0,0,0,0,0,"しない","","","","",,"","",2025/07/11 16:58:12,"matsuba",,""
"*",0,"掛売上",2025/07/11,2025/07/02,"8745","","","30001","三浦市農協　購買部","","85220","全国農業協同組合連合会","",3,"無税","","0000","その他","0004","松葉　良太","","","","丸種　生種　No9809,9816","","",0,"通常伝票","","","","","","","","","","","",,0,"",0,"売上","562250-38-178","天　津　青　長　　　小袋9ml","1",0,0,1,"袋",272,0,280,272,0,280,0,"不課税",0,"対象外",,"",,"",0,0,0,0,0,0,0,"しない","","","","",,"","",2025/07/11 16:57:28,"matsuba",,""
"",0,"掛売上",2025/07/11,2025/07/02,"8745","","","30001","三浦市農協　購買部","","85220","全国農業協同組合連合会","",3,"無税","","0000","その他","0004","松葉　良太","","","","丸種　生種　No9809,9816","","",0,"通常伝票","","","","","","","","","","","",,0,"",0,"売上","562250-38-198","秋蒔き茜わらべ　　　　　小袋","1",0,0,1,"袋",272,0,280,272,0,280,0,"不課税",0,"対象外",,"",,"",0,0,0,0,0,0,0,"しない","","","","",,"","",2025/07/11 16:57:28,"matsuba",,""
"",0,"掛売上",2025/07/11,2025/07/02,"8745","","","30001","三浦市農協　購買部","","85220","全国農業協同組合連合会","",3,"無税","","0000","その他","0004","松葉　良太","","","","丸種　生種　No9809,9816","","",0,"通常伝票","","","","","","","","","","","",,0,"",0,"売上","562850-38-058","ミ　ニ　頼　黄　50　　　　　小袋","9",0,0,1,"袋",272,0,280,272,0,280,0,"不課税",0,"対象外",,"",,"",0,0,0,0,0,0,0,"しない","","","","",,"","",2025/07/11 16:57:28,"matsuba",,""
"*",0,"掛売上",2025/07/11,2025/07/02,"8744","","","30001","三浦市農協　購買部","","85220","全国農業協同組合連合会","",3,"無税","","0000","その他","0004","松葉　良太","","","","丸種　生種　No9809,9816","","",0,"通常伝票","","","","","","","","","","","",,0,"",0,"売上","562250-38-008","F1　味 わ ら べ   　　　 　小袋　 春","1",0,0,1,"袋",272,0,280,272,0,280,0,"不課税",0,"対象外",,"",,"",0,0,0,0,0,0,0,"しない","","","","",,"","",2025/07/11 16:54:57,"matsuba",,""
"",0,"掛売上",2025/07/11,2025/07/02,"8744","","","30001","三浦市農協　購買部","","85220","全国農業協同組合連合会","",3,"無税","","0000","その他","0004","松葉　良太","","","","丸種　生種　No9809,9816","","",0,"通常伝票","","","","","","","","","","","",,0,"",0,"売上","562250-38-078","味　　　　　辛　　　　　　 小袋 　春","1",0,0,1,"袋",272,0,280,272,0,280,0,"不課税",0,"対象外",,"",,"",0,0,0,0,0,0,0,"しない","","","","",,"","",2025/07/11 16:54:57,"matsuba",,""
"",0,"掛売上",2025/07/11,2025/07/02,"8744","","","30001","三浦市農協　購買部","","85220","全国農業協同組合連合会","",3,"無税","","0000","その他","0004","松葉　良太","","","","丸種　生種　No9809,9816","","",0,"通常伝票","","","","","","","","","","","",,0,"",0,"売上","562250-38-168","京ざくら　　　　　小袋","1",0,0,1,"袋",272,0,280,272,0,280,0,"不課税",0,"対象外",,"",,"",0,0,0,0,0,0,0,"しない","","","","",,"","",2025/07/11 16:54:57,"matsuba",,""
"",0,"掛売上",2025/07/11,2025/07/02,"8744","","","30001","三浦市農協　購買部","","85220","全国農業協同組合連合会","",3,"無税","","0000","その他","0004","松葉　良太","","","","丸種　生種　No9809,9816","","",0,"通常伝票","","","","","","","","","","","",,0,"",0,"売上","562250-38-173","京むらさき　　　　小袋","1",0,0,1,"袋",272,0,280,272,0,280,0,"不課税",0,"対象外",,"",,"",0,0,0,0,0,0,0,"しない","","","","",,"","",2025/07/11 16:54:57,"matsuba",,""
"*",0,"掛売上",2025/07/11,2025/07/11,"8743","","","23110","JAセレサ川崎　経済センター","","85220","全国農業協同組合連合会","",3,"無税","","0000","その他","0004","松葉　良太","","","","ｻｶﾀ　6/30　岩瀬廣様","","",0,"通常伝票","","","","","","","","","","","",,0,"",0,"売上","562250-10-217","三　浦　大　根　　　　　 実350円","1",0,0,1,"袋",272,0,280,272,0,280,0,"不課税",0,"対象外",,"",,"",0,0,0,0,0,0,0,"しない","","","","",,"","",2025/07/11 16:52:55,"matsuba",,""
"*",0,"掛売上",2025/07/11,2025/07/11,"8742","","","14101","JA横浜　営農経済センター","","85220","全国農業協同組合連合会","",3,"無税","","0000","その他","0004","松葉　良太","","","","ｻｶﾀ　6/24　2F　担い手課費用分","","",0,"通常伝票","","","","","","","","","","","",,0,"",0,"売上","562250-10-274","夏秋自慢(SC8-182)　　小袋150粒 450円","1",0,0,2,"袋",350,0,360,700,0,720,0,"不課税",0,"対象外",,"",,"",0,0,0,0,0,0,0,"しない","","","","",,"","",2025/07/11 16:51:51,"matsuba",,""
"*",0,"掛売上",2025/07/11,2025/07/11,"8741","","","53008","㈱ 県央愛川　グリーンセンター","","85220","全国農業協同組合連合会","",3,"無税","","0000","その他","0004","松葉　良太","","","","ﾀｷｲ　6/24","","",0,"通常伝票","","","","","","","","","","","",,0,"",0,"売上","563150-18-011","陽　明　五　寸　　ｺｰﾄ１万粒","12",0,0,1,"袋",3655,0,3920,3655,0,3920,0,"不課税",0,"対象外",,"",,"",0,0,0,0,0,0,0,"しない","","","","",,"","",2025/07/11 16:50:59,"matsuba",,""
"*",0,"掛売上",2025/07/11,2025/07/11,"8740","","","31137","JAさがみ　座間営農経済センター","","85220","全国農業協同組合連合会","",3,"無税","","0000","その他","0004","松葉　良太","","","","ｻｶﾀ　6/24　池上京子様","","",0,"通常伝票","","","","","","","","","","","",,0,"",0,"売上","562200-10-005","菜花　ｵｰﾀﾑﾎﾟｴﾑ　　　　　実450円","2",0,0,1,"袋",350,0,360,350,0,360,0,"不課税",0,"対象外",,"",,"",0,0,0,0,0,0,0,"しない","","","","",,"","",2025/07/11 16:50:16,"matsuba",,""
"*",0,"掛売上",2025/07/11,2025/07/11,"8739","","","14220","JA横浜　メルカートいそご","","85220","全国農業協同組合連合会","",3,"無税","","0000","その他","0004","松葉　良太","","","","ｻｶﾀ　6/24","","",0,"通常伝票","","","","","","","","","","","",,0,"",0,"売上","562750-10-058","サラダタマネギ ゆめたま　実450円","8",0,0,1,"袋",350,0,360,350,0,360,0,"不課税",0,"対象外",,"",,"",0,0,0,0,0,0,0,"しない","","","","",,"","",2025/07/11 16:49:34,"matsuba",,""
"*",0,"掛売上",2025/07/11,2025/07/11,"8738","","","14250","JA横浜　メルカート田奈","","85220","全国農業協同組合連合会","",3,"無税","","0000","その他","0004","松葉　良太","","","","ﾀｷｲ　6/23　秋種","","",0,"通常伝票","","","","","","","","","","","",,0,"",0,"売上","562550-18-223","寒 兵 衛　　　　RF425円","6",0,0,1,"袋",330,0,340,330,0,340,0,"不課税",0,"対象外",,"",,"",0,0,0,0,0,0,0,"しない","","","","",,"","",2025/07/11 16:48:38,"matsuba",,""
"*",0,"掛売上",2025/07/11,2025/07/11,"8737","","","14250","JA横浜　メルカート田奈","","85220","全国農業協同組合連合会","",3,"無税","","0000","その他","0004","松葉　良太","","","","ｻｶﾀ　6/23　秋種","","",0,"通常伝票","","","","","","","","","","","",,0,"",0,"売上","562200-10-248","タァツァイ　　　　　　 　実250円","2",0,0,1,"袋",194,0,200,194,0,200,0,"不課税",0,"対象外",,"",,"",0,0,0,0,0,0,0,"しない","","","","",,"","",2025/07/11 16:47:42,"matsuba",,""
"",0,"掛売上",2025/07/11,2025/07/11,"8737","","","14250","JA横浜　メルカート田奈","","85220","全国農業協同組合連合会","",3,"無税","","0000","その他","0004","松葉　良太","","","","ｻｶﾀ　6/23　秋種","","",0,"通常伝票","","","","","","","","","","","",,0,"",0,"売上","564550-10-083","さくらぎ 早どり「株張り」小松菜 実350円","26",0,0,1,"袋",272,0,280,272,0,280,0,"不課税",0,"対象外",,"",,"",0,0,0,0,0,0,0,"しない","","","","",,"","",2025/07/11 16:47:42,"matsuba",,""
"",0,"掛売上",2025/07/11,2025/07/11,"8737","","","14250","JA横浜　メルカート田奈","","85220","全国農業協同組合連合会","",3,"無税","","0000","その他","0004","松葉　良太","","","","ｻｶﾀ　6/23　秋種","","",0,"通常伝票","","","","","","","","","","","",,0,"",0,"売上","562250-10-045","冬 自 慢 (あまうま総太り)　実450円","1",0,0,1,"袋",350,0,360,350,0,360,0,"不課税",0,"対象外",,"",,"",0,0,0,0,0,0,0,"しない","","","","",,"","",2025/07/11 16:47:42,"matsuba",,""
"*",0,"掛売上",2025/07/11,2025/07/11,"8736","","","14250","JA横浜　メルカート田奈","","85220","全国農業協同組合連合会","",3,"無税","","0000","その他","0004","松葉　良太","","","","ｻｶﾀ　6/23　秋種","","",0,"通常伝票","","","","","","","","","","","",,0,"",0,"売上","563750-10-054","スティックセニョール　　実450円","18",0,0,2,"袋",350,0,360,700,0,720,0,"不課税",0,"対象外",,"",,"",0,0,0,0,0,0,0,"しない","","","","",,"","",2025/07/11 16:46:29,"matsuba",,""
"",0,"掛売上",2025/07/11,2025/07/11,"8736","","","14250","JA横浜　メルカート田奈","","85220","全国農業協同組合連合会","",3,"無税","","0000","その他","0004","松葉　良太","","","","ｻｶﾀ　6/23　秋種","","",0,"通常伝票","","","","","","","","","","","",,0,"",0,"売上","562850-10-104","タイニーシュシュ (50日)　実450円","9",0,0,2,"袋",350,0,360,700,0,720,0,"不課税",0,"対象外",,"",,"",0,0,0,0,0,0,0,"しない","","","","",,"","",2025/07/11 16:46:29,"matsuba",,""
"",0,"掛売上",2025/07/11,2025/07/11,"8736","","","14250","JA横浜　メルカート田奈","","85220","全国農業協同組合連合会","",3,"無税","","0000","その他","0004","松葉　良太","","","","ｻｶﾀ　6/23　秋種","","",0,"通常伝票","","","","","","","","","","","",,0,"",0,"売上","562850-10-109","冬月 90 (秋のみ) ﾍﾟﾚｯﾄ150粒 実550円","9",0,0,3,"袋",428,0,440,1284,0,1320,0,"不課税",0,"対象外",,"",,"",0,0,0,0,0,0,0,"しない","","","","",,"","",2025/07/11 16:46:29,"matsuba",,""
"*",0,"掛売上",2025/07/11,2025/07/11,"8735","","","14210","JA横浜　メルカートみなみ","","85220","全国農業協同組合連合会","",3,"無税","","0000","その他","0004","松葉　良太","","","","ｻｶﾀ　堀江精一様","","",0,"通常伝票","","","","","","","","","","","",,0,"",0,"売上","563750-10-009","ピ　ク　セ　ル　　　　　実450円","18",0,0,3,"袋",350,0,360,1050,0,1080,0,"不課税",0,"対象外",,"",,"",0,0,0,0,0,0,0,"しない","","","","",,"","",2025/07/11 16:45:05,"matsuba",,""
"*",0,"掛売上",2025/07/11,2025/07/11,"8733","","","59006","JA 相模原市　大沢支店","","85220","全国農業協同組合連合会","",3,"無税","","0000","その他","0004","松葉　良太","","","","ｻｶﾀ　6/17　石川様","","",0,"通常伝票","","","","","","","","","","","",,0,"",0,"売上","563750-10-075","ｻﾏｰﾄﾞｰﾑ (秋のみ)実咲ﾍﾟﾚｯﾄ125粒 550円","18",0,0,2,"袋",428,0,440,856,0,880,0,"不課税",0,"対象外",,"",,"",0,0,0,0,0,0,0,"しない","","","","",,"","",2025/07/11 16:43:11,"matsuba",,""
"*",0,"掛売上",2025/07/11,2025/07/11,"8732","","","23110","JAセレサ川崎　経済センター","","85220","全国農業協同組合連合会","",3,"無税","","0000","その他","0004","松葉　良太","","","","ｻｶﾀ　6/17　営農支援課","","",0,"通常伝票","","","","","","","","","","","",,0,"",0,"売上","562550-10-209","ド ン キ ー　実咲PRO 約4000粒 1200円","6",0,0,1,"袋",933,0,960,933,0,960,0,"不課税",0,"対象外",,"",,"",0,0,0,0,0,0,0,"しない","","","","",,"","",2025/07/11 16:42:23,"matsuba",,""
"*",0,"掛売上",2025/07/11,2025/07/11,"8731","","","85245","全農　JAｸﾞﾘｰﾝかながわ","","85220","全国農業協同組合連合会","",3,"無税","","0000","その他","0004","松葉　良太","","","","ｻｶﾀ　6/12","","",0,"通常伝票","","","","","","","","","","","",,0,"",0,"売上","562650-10-038","雷 帝 下 仁 田 　　　　 実350円","7",0,0,5,"袋",272,0,280,1360,0,1400,0,"不課税",0,"対象外",,"",,"",0,0,0,0,0,0,0,"しない","","","","",,"","",2025/07/11 16:41:21,"matsuba",,""
"*",0,"掛売上",2025/07/11,2025/07/11,"8730","","","31139","JAさがみ　海老名営農センター","","85220","全国農業協同組合連合会","",3,"無税","","0000","その他","0004","松葉　良太","","","","ｻｶﾀ　6/9　和田様","","",0,"通常伝票","","","","","","","","","","","",,0,"",0,"売上","563350-10-174","冬   藍 (あまうま大玉ｷｬﾍﾞﾂ) 実450円","14",0,0,2,"袋",350,0,360,700,0,720,0,"不課税",0,"対象外",,"",,"",0,0,0,0,0,0,0,"しない","","","","",,"","",2025/07/11 16:40:25,"matsuba",,""
"",0,"掛売上",2025/07/11,2025/07/11,"8730","","","31139","JAさがみ　海老名営農センター","","85220","全国農業協同組合連合会","",3,"無税","","0000","その他","0004","松葉　良太","","","","ｻｶﾀ　6/9　和田様","","",0,"通常伝票","","","","","","","","","","","",,0,"",0,"売上","563050-10-056","ﾛﾏﾈｽｺ　ロマネコ　　　　実450円","11",0,0,5,"袋",350,0,360,1750,0,1800,0,"不課税",0,"対象外",,"",,"",0,0,0,0,0,0,0,"しない","","","","",,"","",2025/07/11 16:40:25,"matsuba",,""
"*",0,"掛売上",2025/07/11,2025/07/11,"8729","","","40001","JA秦野市　JAグリーン","","85220","全国農業協同組合連合会","",3,"無税","","0000","その他","0004","松葉　良太","","","","ﾀｷｲ　6/9","","",0,"通常伝票","","","","","","","","","","","",,0,"",0,"売上","562407-18-023","コスレタス  (ﾛﾒｲﾝ)　　  GF320円","5",0,0,1,"袋",249,0,256,249,0,256,0,"不課税",0,"対象外",,"",,"",0,0,0,0,0,0,0,"しない","","","","",,"","",2025/07/11 16:39:03,"matsuba",,""
"*",0,"掛売上",2025/07/11,2025/07/11,"8728","","","85245","全農　JAｸﾞﾘｰﾝかながわ","","85220","全国農業協同組合連合会","",3,"無税","","0000","その他","0004","松葉　良太","","","","ｻｶﾀ　6/9","","",0,"通常伝票","","","","","","","","","","","",,0,"",0,"売上","562750-10-058","サラダタマネギ ゆめたま　実450円","8",0,0,10,"袋",350,0,360,3500,0,3600,0,"不課税",0,"対象外",,"",,"",0,0,0,0,0,0,0,"しない","","","","",,"","",2025/07/11 16:38:15,"matsuba",,""
"*",0,"掛売上",2025/07/11,2025/07/11,"8727","","","28001","JAよこすか葉山　経済センター","","85220","全国農業協同組合連合会","",3,"無税","","0000","その他","0004","松葉　良太","","","","ｻｶﾀ　6/6　東部分　予約　追加分","","",0,"通常伝票","","","","","","","","","","","",,0,"",0,"売上","563150-10-034","ベーターリッチ    　　　ｺｰﾄ実450円","12",0,0,4,"袋",350,0,360,1400,0,1440,0,"不課税",0,"対象外",,"",,"",0,0,0,0,0,0,0,"しない","","","","",,"","",2025/07/11 16:37:19,"matsuba",,""
"",0,"掛売上",2025/07/11,2025/07/11,"8727","","","28001","JAよこすか葉山　経済センター","","85220","全国農業協同組合連合会","",3,"無税","","0000","その他","0004","松葉　良太","","","","ｻｶﾀ　6/6　東部分　予約　追加分","","",0,"通常伝票","","","","","","","","","","","",,0,"",0,"売上","562250-10-259","冬の守　(高品質肌美人)　  実450円","1",0,0,1,"袋",350,0,360,350,0,360,0,"不課税",0,"対象外",,"",,"",0,0,0,0,0,0,0,"しない","","","","",,"","",2025/07/11 16:37:19,"matsuba",,""
"*",0,"掛売上",2025/07/11,2025/07/11,"8726","","","28002","JAよこすか葉山　武山支店","","85220","全国農業協同組合連合会","",3,"無税","","0000","その他","0004","松葉　良太","","","","ｻｶﾀ　予約　追加分","","",0,"通常伝票","","","","","","","","","","","",,0,"",0,"売上","562325-10-048","フリフリッカー(秋のみ) ｺｰﾄ150粒実550円","4",0,0,2,"袋",428,0,440,856,0,880,0,"不課税",0,"対象外",,"",,"",0,0,0,0,0,0,0,"しない","","","","",,"","",2025/07/11 16:36:01,"matsuba",,""
"*",0,"掛売上",2025/07/11,2025/07/11,"8725","","","28001","JAよこすか葉山　経済センター","","85220","全国農業協同組合連合会","",3,"無税","","0000","その他","0004","松葉　良太","","","","6/6　東部分　予約　追加分","","",0,"通常伝票","","","","","","","","","","","",,0,"",0,"売上","563350-10-029","金　　　春　ｼﾞｭｰｼｰｷｬﾍﾞﾂ　　実450円","14",0,0,2,"袋",350,0,360,700,0,720,0,"不課税",0,"対象外",,"",,"",0,0,0,0,0,0,0,"しない","","","","",,"","",2025/07/11 15:53:27,"matsuba",,""
"*",0,"掛売上",2025/07/11,2025/07/11,"8724","","","28002","JAよこすか葉山　武山支店","","85220","全国農業協同組合連合会","",3,"無税","","0000","その他","0004","松葉　良太","","","","ｻｶﾀ　予約　追加分","","",0,"通常伝票","","","","","","","","","","","",,0,"",0,"売上","563350-10-029","金　　　春　ｼﾞｭｰｼｰｷｬﾍﾞﾂ　　実450円","14",0,0,3,"袋",350,0,360,1050,0,1080,0,"不課税",0,"対象外",,"",,"",0,0,0,0,0,0,0,"しない","","","","",,"","",2025/07/11 15:52:16,"matsuba",,""
"*",0,"掛売上",2025/07/11,2025/07/11,"8723","","","28001","JAよこすか葉山　経済センター","","85220","全国農業協同組合連合会","",3,"無税","","0000","その他","0004","松葉　良太","","","","ﾀｷｲ　東部分　予約　企画4","","",0,"通常伝票","","","","","","","","","","","",,0,"",0,"売上","562200-18-212","ｺｰﾗﾙﾘｰﾌ フェザーからし菜　20ml","2",0,0,1,"袋",420,0,432,420,0,432,0,"不課税",0,"対象外",,"",,"",0,0,0,0,0,0,0,"しない","","","","",,"","",2025/07/11 15:49:26,"matsuba",,""
"*",0,"掛売上",2025/07/11,2025/07/11,"8722","","","28002","JAよこすか葉山　武山支店","","85220","全国農業協同組合連合会","",3,"無税","","0000","その他","0004","松葉　良太","","","","ﾀｷｲ　6/5　企画4","","",0,"通常伝票","","","","","","","","","","","",,0,"",0,"売上","562200-18-212","ｺｰﾗﾙﾘｰﾌ フェザーからし菜　20ml","2",0,0,1,"袋",420,0,432,420,0,432,0,"不課税",0,"対象外",,"",,"",0,0,0,0,0,0,0,"しない","","","","",,"","",2025/07/11 15:48:18,"matsuba",,""
"*",0,"掛売上",2025/07/11,2025/07/11,"8721","","","85245","全農　JAｸﾞﾘｰﾝかながわ","","85220","全国農業協同組合連合会","",3,"無税","","0000","その他","0004","松葉　良太","","","","ﾀｷｲ　6/4　予約","","",0,"通常伝票","","","","","","","","","","","",,0,"",0,"売上","563150-18-028","ピ　ッ　コ　ロ　　　　　GF320円","12",0,0,5,"袋",249,0,256,1245,0,1280,0,"不課税",0,"対象外",,"",,"",0,0,0,0,0,0,0,"しない","","","","",,"","",2025/07/11 15:46:27,"matsuba",,""
"",0,"掛売上",2025/07/11,2025/07/11,"8721","","","85245","全農　JAｸﾞﾘｰﾝかながわ","","85220","全国農業協同組合連合会","",3,"無税","","0000","その他","0004","松葉　良太","","","","ﾀｷｲ　6/4　予約","","",0,"通常伝票","","","","","","","","","","","",,0,"",0,"売上","563250-18-003","サラダむすめ　　　　　　　GF320円","13",0,0,5,"袋",249,0,256,1245,0,1280,0,"不課税",0,"対象外",,"",,"",0,0,0,0,0,0,0,"しない","","","","",,"","",2025/07/11 15:46:27,"matsuba",,""
"",0,"掛売上",2025/07/11,2025/07/11,"8721","","","85245","全農　JAｸﾞﾘｰﾝかながわ","","85220","全国農業協同組合連合会","",3,"無税","","0000","その他","0004","松葉　良太","","","","ﾀｷｲ　6/4　予約","","",0,"通常伝票","","","","","","","","","","","",,0,"",0,"売上","562650-18-005","九　　条　　太　　　　　GF320円","7",0,0,10,"袋",249,0,256,2490,0,2560,0,"不課税",0,"対象外",,"",,"",0,0,0,0,0,0,0,"しない","","","","",,"","",2025/07/11 15:46:27,"matsuba",,""
"*",0,"掛売上",2025/07/11,2025/07/11,"8720","","","85245","全農　JAｸﾞﾘｰﾝかながわ","","85220","全国農業協同組合連合会","",3,"無税","","0000","その他","0004","松葉　良太","","","","ﾀｷｲ　6/4　予約","","",0,"通常伝票","","","","","","","","","","","",,0,"",0,"売上","562325-18-063","バ ー ク レ ー　　　　　GF320円","4",0,0,10,"袋",249,0,256,2490,0,2560,0,"不課税",0,"対象外",,"",,"",0,0,0,0,0,0,0,"しない","","","","",,"","",2025/07/11 15:45:05,"matsuba",,""
"",0,"掛売上",2025/07/11,2025/07/11,"8720","","","85245","全農　JAｸﾞﾘｰﾝかながわ","","85220","全国農業協同組合連合会","",3,"無税","","0000","その他","0004","松葉　良太","","","","ﾀｷｲ　6/4　予約","","",0,"通常伝票","","","","","","","","","","","",,0,"",0,"売上","562325-18-053","レ 　ガ 　シ　ー　　　　GF320円","4",0,0,5,"袋",249,0,256,1245,0,1280,0,"不課税",0,"対象外",,"",,"",0,0,0,0,0,0,0,"しない","","","","",,"","",2025/07/11 15:45:05,"matsuba",,""
"",0,"掛売上",2025/07/11,2025/07/11,"8720","","","85245","全農　JAｸﾞﾘｰﾝかながわ","","85220","全国農業協同組合連合会","",3,"無税","","0000","その他","0004","松葉　良太","","","","ﾀｷｲ　6/4　予約","","",0,"通常伝票","","","","","","","","","","","",,0,"",0,"売上","562407-18-018","グリーンウェーブ      GF320円","5",0,0,15,"袋",249,0,256,3735,0,3840,0,"不課税",0,"対象外",,"",,"",0,0,0,0,0,0,0,"しない","","","","",,"","",2025/07/11 15:45:05,"matsuba",,""
"",0,"掛売上",2025/07/11,2025/07/11,"8720","","","85245","全農　JAｸﾞﾘｰﾝかながわ","","85220","全国農業協同組合連合会","",3,"無税","","0000","その他","0004","松葉　良太","","","","ﾀｷｲ　6/4　予約","","",0,"通常伝票","","","","","","","","","","","",,0,"",0,"売上","562407-18-023","コスレタス  (ﾛﾒｲﾝ)　　  GF320円","5",0,0,5,"袋",249,0,256,1245,0,1280,0,"不課税",0,"対象外",,"",,"",0,0,0,0,0,0,0,"しない","","","","",,"","",2025/07/11 15:45:05,"matsuba",,""
"",0,"掛売上",2025/07/11,2025/07/11,"8720","","","85245","全農　JAｸﾞﾘｰﾝかながわ","","85220","全国農業協同組合連合会","",3,"無税","","0000","その他","0004","松葉　良太","","","","ﾀｷｲ　6/4　予約","","",0,"通常伝票","","","","","","","","","","","",,0,"",0,"売上","562950-18-163","ﾋﾞｰﾂ　ﾃﾞﾄﾛｲﾄﾀﾞｰｸﾚｯﾄﾞ　　MF215円","10",0,0,5,"袋",167,0,172,835,0,860,0,"不課税",0,"対象外",,"",,"",0,0,0,0,0,0,0,"しない","","","","",,"","",2025/07/11 15:45:05,"matsuba",,""
"*",0,"掛売上",2025/07/11,2025/07/11,"8719","","","85245","全農　JAｸﾞﾘｰﾝかながわ","","85220","全国農業協同組合連合会","",3,"無税","","0000","その他","0004","松葉　良太","","","","ﾀｷｲ　6/4　予約","","",0,"通常伝票","","","","","","","","","","","",,0,"",0,"売上","562250-18-501","ころころラディッシュﾐｯｸｽ　　GF320円","1",0,0,5,"袋",249,0,256,1245,0,1280,0,"不課税",0,"対象外",,"",,"",0,0,0,0,0,0,0,"しない","","","","",,"","",2025/07/11 15:42:55,"matsuba",,""
"",0,"掛売上",2025/07/11,2025/07/11,"8719","","","85245","全農　JAｸﾞﾘｰﾝかながわ","","85220","全国農業協同組合連合会","",3,"無税","","0000","その他","0004","松葉　良太","","","","ﾀｷｲ　6/4　予約","","",0,"通常伝票","","","","","","","","","","","",,0,"",0,"売上","562200-18-143","べ　ん　り　菜　　　　　GF320円","2",0,0,5,"袋",249,0,256,1245,0,1280,0,"不課税",0,"対象外",,"",,"",0,0,0,0,0,0,0,"しない","","","","",,"","",2025/07/11 15:42:55,"matsuba",,""
"",0,"掛売上",2025/07/11,2025/07/11,"8719","","","85245","全農　JAｸﾞﾘｰﾝかながわ","","85220","全国農業協同組合連合会","",3,"無税","","0000","その他","0004","松葉　良太","","","","ﾀｷｲ　6/4　予約","","",0,"通常伝票","","","","","","","","","","","",,0,"",0,"売上","562200-18-213","ｺｰﾗﾙﾘｰﾌ フェザーからし菜　GF320円","2",0,0,5,"袋",249,0,256,1245,0,1280,0,"不課税",0,"対象外",,"",,"",0,0,0,0,0,0,0,"しない","","","","",,"","",2025/07/11 15:42:55,"matsuba",,""
"",0,"掛売上",2025/07/11,2025/07/11,"8719","","","85245","全農　JAｸﾞﾘｰﾝかながわ","","85220","全国農業協同組合連合会","",3,"無税","","0000","その他","0004","松葉　良太","","","","ﾀｷｲ　6/4　予約","","",0,"通常伝票","","","","","","","","","","","",,0,"",0,"売上","562200-18-078","中　葉　春　菊　   　 　　MF215円","2",0,0,15,"袋",167,0,172,2505,0,2580,0,"不課税",0,"対象外",,"",,"",0,0,0,0,0,0,0,"しない","","","","",,"","",2025/07/11 15:42:55,"matsuba",,""
"",0,"掛売上",2025/07/11,2025/07/11,"8719","","","85245","全農　JAｸﾞﾘｰﾝかながわ","","85220","全国農業協同組合連合会","",3,"無税","","0000","その他","0004","松葉　良太","","","","ﾀｷｲ　6/4　予約","","",0,"通常伝票","","","","","","","","","","","",,0,"",0,"売上","562200-18-048","白茎 三 つ 葉　　　　 　　MF215円","2",0,0,5,"袋",167,0,172,835,0,860,0,"不課税",0,"対象外",,"",,"",0,0,0,0,0,0,0,"しない","","","","",,"","",2025/07/11 15:42:55,"matsuba",,""
"*",0,"掛売上",2025/07/11,2025/07/11,"8718","","","40001","JA秦野市　JAグリーン","","85220","全国農業協同組合連合会","",3,"無税","","0000","その他","0004","松葉　良太","","","","ｻｶﾀ　6/3　予約","","",0,"通常伝票","","","","","","","","","","","",,0,"",0,"売上","562407-10-108","ｺｽﾚﾀｽ　ロメインレタス　　実350円","5",0,0,1,"袋",272,0,280,272,0,280,0,"不課税",0,"対象外",,"",,"",0,0,0,0,0,0,0,"しない","","","","",,"","",2025/07/11 15:39:40,"matsuba",,""
"*",0,"掛売上",2025/07/11,2025/07/11,"8717","","","52004","JA 厚木市　睦合支所","","85220","全国農業協同組合連合会","",3,"無税","","0000","その他","0004","松葉　良太","","","","ｻｶﾀ","","",0,"通常伝票","","","","","","","","","","","",,0,"",0,"売上","563350-10-005","金系２０１号　実咲PRO ｺｰﾄ100粒 550円","14",0,0,1,"袋",428,0,440,428,0,440,0,"不課税",0,"対象外",,"",,"",0,0,0,0,0,0,0,"しない","","","","",,"","",2025/07/11 15:38:13,"matsuba",,""
"*",0,"掛売上",2025/07/11,2025/07/11,"8716","","","28001","JAよこすか葉山　経済センター","","85220","全国農業協同組合連合会","",3,"無税","","0000","その他","0004","松葉　良太","","","","フタバ種苗　4/30　志村大作様","","",0,"通常伝票","","","","","","","","","","","",,0,"",0,"売上","562200-98-166","島ラッキョウ　　　　1KG","2",0,0,20,"袋",1555,0,1600,31100,0,32000,0,"不課税",0,"対象外",,"",,"",0,0,0,0,0,0,0,"しない","","","","",,"","",2025/07/11 15:37:03,"matsuba",,""
"*",0,"掛売上",2025/07/11,2025/07/07,"8709","","","52002","JA 厚木市　依知支所","","85220","全国農業協同組合連合会","",3,"無税","","0000","その他","0004","松葉　良太","","","","ﾀｷｲ","","",0,"通常伝票","","","","","","","","","","","",,0,"",0,"売上","563350-18-173","彩　　　　　音　　　   DF580円","14",0,0,5,"袋",451,0,464,2255,0,2320,0,"不課税",0,"対象外",,"",,"",0,0,0,0,0,0,0,"しない","","","","",,"","",2025/07/11 11:43:34,"matsuba",,""
"*",0,"掛売上",2025/07/11,2025/07/07,"8708","","","52002","JA 厚木市　依知支所","","85220","全国農業協同組合連合会","",3,"無税","","0000","その他","0004","松葉　良太","","","","増田","","",0,"通常伝票","","","","","","","","","","","",,0,"",0,"売上","563350-39-054","YR　冬どり錦秋　　　 小袋180粒 650円","14",0,0,5,"袋",505,0,520,2525,0,2600,0,"不課税",0,"対象外",,"",,"",0,0,0,0,0,0,0,"しない","","","","",,"","",2025/07/11 11:41:23,"matsuba",,""
"*",0,"掛売上",2025/07/10,2025/07/02,"8695","","","28001","JAよこすか葉山　経済センター","","85220","全国農業協同組合連合会","",3,"無税","","0000","その他","0004","松葉　良太","","","","朝日ｱｸﾞﾘｱ　鈴木秀幸様","","",0,"通常伝票","","","","","","","","","","","",,0,"",0,"売上","563150-67-806","ダークパープル  　 ｺｰﾄ5000粒 Y特価","12",0,0,6,"袋",4222,0,4348,25332,0,26088,0,"不課税",0,"対象外",,"",,"",0,0,0,0,0,0,0,"しない","","","","",,"","",2025/07/10 12:00:10,"matsuba",,""
"",0,"掛売上",2025/07/10,2025/07/02,"8695","","","28001","JAよこすか葉山　経済センター","","85220","全国農業協同組合連合会","",3,"無税","","0000","その他","0004","松葉　良太","","","","朝日ｱｸﾞﾘｱ　鈴木秀幸様","","",0,"通常伝票","","","","","","","","","","","",,0,"",0,"売上","563150-67-804","スノーｽﾃｨｯｸ　　　　ｺｰﾄ5000粒 Y特価","12",0,0,4,"袋",4222,0,4348,16888,0,17392,0,"不課税",0,"対象外",,"",,"",0,0,0,0,0,0,0,"しない","","","","",,"","",2025/07/10 12:00:10,"matsuba",,""
"*",0,"掛売上",2025/07/10,2025/07/02,"8694","","","28001","JAよこすか葉山　経済センター","","85220","全国農業協同組合連合会","",3,"無税","","0000","その他","0004","松葉　良太","","","","野崎　岸一夫様","","",0,"通常伝票","","","","","","","","","","","",,0,"",0,"売上","563050-30-029","清　　　　　月　　小袋　100粒　500円","11",0,0,10,"袋",389,0,400,3890,0,4000,0,"不課税",0,"対象外",,"",,"",0,0,0,0,0,0,0,"しない","","","","",,"","",2025/07/10 11:59:02,"matsuba",,""
"*",0,"掛売上",2025/07/10,2025/07/02,"8693","","","28001","JAよこすか葉山　経済センター","","85220","全国農業協同組合連合会","",3,"無税","","0000","その他","0004","松葉　良太","","","","ﾅﾝﾄ　青木克己様","","",0,"通常伝票","","","","","","","","","","","",,0,"",0,"売上","563750-26-003","夢 ひ び き  　　　　小袋0.7ml 550円","18",0,0,1,"袋",428,0,440,428,0,440,0,"不課税",0,"対象外",,"",,"",0,0,0,0,0,0,0,"しない","","","","",,"","",2025/07/10 11:58:07,"matsuba",,""
"*",0,"掛売上",2025/07/10,2025/07/02,"8692","","","28001","JAよこすか葉山　経済センター","","85220","全国農業協同組合連合会","",3,"無税","","0000","その他","0004","松葉　良太","","","","大和農園　鈴木秀幸様","","",0,"通常伝票","","","","","","","","","","","",,0,"",0,"売上","562250-49-801","ﾊﾂｶ大根　すみれちゃん　　2dlＹ特価","1",0,0,1,"袋",6262,0,6474,6262,0,6474,0,"不課税",0,"対象外",,"",,"",0,0,0,0,0,0,0,"しない","","","","",,"","",2025/07/10 11:57:04,"matsuba",,""
"*",0,"掛売上",2025/07/10,2025/07/02,"8691","","","52003","JA 厚木市　荻野支所","","85220","全国農業協同組合連合会","",3,"無税","","0000","その他","0004","松葉　良太","","","","ﾅﾝﾄ","","",0,"通常伝票","","","","","","","","","","","",,0,"",0,"売上","563150-26-031","恋うさぎ(NCA34）　　　ｺｰﾄ1万粒","12",0,0,1,"袋",4930,0,5355,4930,0,5355,0,"不課税",0,"対象外",,"",,"",0,0,0,0,0,0,0,"しない","","","","",,"","",2025/07/10 11:56:11,"matsuba",,""
"*",0,"掛売上",2025/07/10,2025/07/02,"8690","","","30006","三浦市農協　上宮田支店","","85220","全国農業協同組合連合会","",3,"無税","","0000","その他","0004","松葉　良太","","","","ﾅﾝﾄ　2319様","","",0,"通常伝票","","","","","","","","","","","",,0,"",0,"売上","562150-26-079","ﾀｯｸ式ｼｰﾙ　羅皇ｻﾞｽｨｰﾄ　1束1000枚","1",0,0,1,"束",5515,0,5680,5515,0,5680,0,"不課税",0,"対象外",,"",,"",0,0,0,0,0,0,0,"しない","","","","",,"","",2025/07/10 11:55:13,"matsuba",,""
"*",0,"掛売上",2025/07/10,2025/07/02,"8689","","","30001","三浦市農協　購買部","","85220","全国農業協同組合連合会","",3,"無税","","0000","その他","0004","松葉　良太","","","","ﾅﾝﾄ　青木様　北部ｾﾝﾀｰ直送","","",0,"通常伝票","","","","","","","","","","","",,0,"",0,"売上","562150-26-074","ﾀｯｸ式ｼｰﾙ　ﾋﾟﾉｶﾞｰﾙ　西瓜2　1束1000枚","1",0,0,10,"束",2757,0,2840,27570,0,28400,0,"不課税",0,"対象外",,"",,"",0,0,0,0,0,0,0,"しない","","","","",,"","",2025/07/10 11:54:20,"matsuba",,""
"*",0,"掛売上",2025/07/10,2025/07/01,"8688","","","28001","JAよこすか葉山　経済センター","","85220","全国農業協同組合連合会","",3,"無税","","0000","その他","0004","松葉　良太","","","","ﾅﾝﾄ　岩沢清様","","",0,"通常伝票","","","","","","","","","","","",,0,"",0,"売上","562150-26-077","ﾀｯｸ式ｼｰﾙ　金色羅皇ﾌﾟﾚﾐｱﾑ　1束1000枚","1",0,0,2,"束",5515,0,5680,11030,0,11360,0,"不課税",0,"対象外",,"",,"",0,0,0,0,0,0,0,"しない","","","","",,"","",2025/07/10 11:53:14,"matsuba",,""
"",0,"掛売上",2025/07/10,2025/07/01,"8688","","","28001","JAよこすか葉山　経済センター","","85220","全国農業協同組合連合会","",3,"無税","","0000","その他","0004","松葉　良太","","","","ﾅﾝﾄ　岩沢清様","","",0,"通常伝票","","","","","","","","","","","",,0,"",0,"売上","562150-26-079","ﾀｯｸ式ｼｰﾙ　羅皇ｻﾞｽｨｰﾄ　1束1000枚","1",0,0,1,"束",5515,0,5680,5515,0,5680,0,"不課税",0,"対象外",,"",,"",0,0,0,0,0,0,0,"しない","","","","",,"","",2025/07/10 11:53:14,"matsuba",,""
"",0,"掛売上",2025/07/10,2025/07/01,"8688","","","28001","JAよこすか葉山　経済センター","","85220","全国農業協同組合連合会","",3,"無税","","0000","その他","0004","松葉　良太","","","","ﾅﾝﾄ　岩沢清様","","",0,"通常伝票","","","","","","","","","","","",,0,"",0,"売上","562150-26-061","ｽｲｶｼｰﾙ　黄こだま　　　１束1000枚","1",0,0,2,"束",1117,0,1150,2234,0,2300,0,"不課税",0,"対象外",,"",,"",0,0,0,0,0,0,0,"しない","","","","",,"","",2025/07/10 11:53:14,"matsuba",,""
"*",0,"掛売上",2025/07/10,2025/07/01,"8687","","","30001","三浦市農協　購買部","","85220","全国農業協同組合連合会","",3,"無税","","0000","その他","0004","松葉　良太","","","","ﾅﾝﾄ　渡辺様　生種　No9809,9816","","",0,"通常伝票","","","","","","","","","","","",,0,"",0,"売上","562950-26-701","もものすけ　　　20mlM特価","10",0,0,1,"袋",4212,0,4338,4212,0,4338,0,"不課税",0,"対象外",,"",,"",0,0,0,0,0,0,0,"しない","","","","",,"","",2025/07/10 11:51:55,"matsuba",,""
"*",0,"掛売上",2025/07/10,2025/07/01,"8686","","","30001","三浦市農協　購買部","","85220","全国農業協同組合連合会","",3,"無税","","0000","その他","0004","松葉　良太","","","","朝日ｱｸﾞﾘｱ　渡辺様　生種　No9809,9816","","",0,"通常伝票","","","","","","","","","","","",,0,"",0,"売上","563750-67-707","まい緑 2 1 4 C 　　2500粒 M特価*","18",0,0,1,"袋",4462,0,4574,4462,0,4574,0,"不課税",0,"対象外",,"",,"",0,0,0,0,0,0,0,"しない","","","","",,"","",2025/07/10 11:50:38,"matsuba",,""
"*",0,"掛売上",2025/07/10,2025/07/01,"8685","","","30001","三浦市農協　購買部","","85220","全国農業協同組合連合会","",3,"無税","","0000","その他","0004","松葉　良太","","","","ﾅﾝﾄ　No9809,9816　ﾌﾟﾗﾝﾄｼｰﾀﾞｰ直送","","",0,"通常伝票","","","","","","","","","","","",,0,"",0,"売上","562250-26-720","優　等　生　　20ml M特価*","1",0,0,6,"袋",757,0,772,4542,0,4632,0,"不課税",0,"対象外",,"",,"",0,0,0,0,0,0,0,"しない","","","","",,"","",2025/07/10 11:49:21,"matsuba",,""
"*",0,"掛売上",2025/07/10,2025/07/10,"8684","","","85902","JAあつぎグリーンセンター","","85220","全国農業協同組合連合会","",3,"無税","","0000","その他","0004","松葉　良太","","","","ﾅﾝﾄ","","",0,"通常伝票","","","","","","","","","","","",,0,"",0,"売上","564950-26-002","な る な る　 　　　小袋18粒 550円","30",0,0,2,"袋",428,0,440,856,0,880,0,"不課税",0,"対象外",,"",,"",0,0,0,0,0,0,0,"しない","","","","",,"","",2025/07/10 11:48:00,"matsuba",,""
"*",0,"掛売上",2025/07/10,2025/07/10,"8683","","","40001","JA秦野市　JAグリーン","","85220","全国農業協同組合連合会","",3,"無税","","0000","その他","0004","松葉　良太","","","","種ｾﾝﾀｰ　6/26","","",0,"通常伝票","","","","","","","","","","","",,0,"",0,"売上","562200-92-077","くらかけ(鞍掛)大豆　小袋50ml　送別","2",0,0,1,"袋",245,0,260,245,0,260,0,"不課税",0,"対象外",,"",,"",0,0,0,0,0,0,0,"しない","","","","",,"","",2025/07/10 11:46:42,"matsuba",,""
"",0,"掛売上",2025/07/10,2025/07/10,"8683","","","40001","JA秦野市　JAグリーン","","85220","全国農業協同組合連合会","",3,"無税","","0000","その他","0004","松葉　良太","","","","種ｾﾝﾀｰ　6/26","","",0,"通常伝票","","","","","","","","","","","",,0,"",0,"売上","566907-92-008","送　　料","45",0,0,1,"一式",100,0,100,100,0,100,0,"不課税",0,"対象外",,"",,"",0,0,0,0,0,0,0,"しない","","","","",,"","",2025/07/10 11:46:42,"matsuba",,""
"*",0,"掛売上",2025/07/10,2025/07/10,"8682","","","84111","県域物流センター","","85220","全国農業協同組合連合会","",3,"無税","","0000","その他","0004","松葉　良太","","","","ｻｶﾀ　北相地区ｾﾝﾀｰ直送","","",0,"通常伝票","","","","","","","","","","","",,0,"",0,"売上","562550-10-174","ク ロ ノ ス (寒さに強い)　実350円","6",0,0,1,"袋",272,0,280,272,0,280,0,"不課税",0,"対象外",,"",,"",0,0,0,0,0,0,0,"しない","","","","",,"","",2025/07/10 11:45:07,"matsuba",,""
"*",0,"掛売上",2025/07/10,2025/07/10,"8681","","","30009","三浦市農協　大乗事業所","","85220","全国農業協同組合連合会","",3,"無税","","0000","その他","0004","松葉　良太","","","","ｻｶﾀ　青木様　3726様","","",0,"通常伝票","","","","","","","","","","","",,0,"",0,"売上","563750-10-009","ピ　ク　セ　ル　　　　　実450円","18",0,0,1,"袋",350,0,360,350,0,360,0,"不課税",0,"対象外",,"",,"",0,0,0,0,0,0,0,"しない","","","","",,"","",2025/07/10 11:42:37,"matsuba",,""
"",0,"掛売上",2025/07/10,2025/07/10,"8681","","","30009","三浦市農協　大乗事業所","","85220","全国農業協同組合連合会","",3,"無税","","0000","その他","0004","松葉　良太","","","","ｻｶﾀ　青木様　3726様","","",0,"通常伝票","","","","","","","","","","","",,0,"",0,"売上","563750-10-075","ｻﾏｰﾄﾞｰﾑ (秋のみ)実咲ﾍﾟﾚｯﾄ125粒 550円","18",0,0,1,"袋",428,0,440,428,0,440,0,"不課税",0,"対象外",,"",,"",0,0,0,0,0,0,0,"しない","","","","",,"","",2025/07/10 11:42:37,"matsuba",,""
"*",0,"掛売上",2025/07/10,2025/07/10,"8680","","","37009","JA湘南　大野支店","","85220","全国農業協同組合連合会","",3,"無税","","0000","その他","0004","松葉　良太","","","","日本農林　5/30","","",0,"通常伝票","","","","","","","","","","","",,0,"",0,"売上","562750-74-002","ホワイトベアー　　　　　　 20ml","8",0,0,1,"袋",1482,0,1552,1482,0,1552,0,"不課税",0,"対象外",,"",,"",0,0,0,0,0,0,0,"しない","","","","",,"","",2025/07/10 11:38:56,"matsuba",,""
"",0,"掛売上",2025/07/10,2025/07/10,"8680","","","37009","JA湘南　大野支店","","85220","全国農業協同組合連合会","",3,"無税","","0000","その他","0004","松葉　良太","","","","日本農林　5/30","","",0,"通常伝票","","","","","","","","","","","",,0,"",0,"売上","562750-74-001","ホワイトベアー　　　　　　　2dl","8",0,0,1,"缶",13907,0,14736,13907,0,14736,0,"不課税",0,"対象外",,"",,"",0,0,0,0,0,0,0,"しない","","","","",,"","",2025/07/10 11:38:56,"matsuba",,""
"*",0,"掛売上",2025/07/10,2025/07/10,"8679","","","85240","全農神奈川県本部　生産資材課","","85220","全国農業協同組合連合会","",3,"無税","","0000","その他","0004","松葉　良太","","","","三好　三浦市農協様分　1/7　5/20納品","","",0,"通常伝票","","","","","","","","","","","",,0,"",0,"売上","565650-43-001","シルクスイート(ｳｲﾙｽﾌﾘｰ) 50本束","15",0,0,35,"束",2449,0,2520,85715,0,88200,0,"不課税",0,"対象外",,"",,"",0,0,0,0,0,0,0,"しない","","","","",,"","",2025/07/10 11:36:35,"matsuba",,""
"",0,"掛売上",2025/07/10,2025/07/10,"8679","","","85240","全農神奈川県本部　生産資材課","","85220","全国農業協同組合連合会","",3,"無税","","0000","その他","0004","松葉　良太","","","","三好　三浦市農協様分　1/7　5/20納品","","",0,"通常伝票","","","","","","","","","","","",,0,"",0,"売上","566907-43-054","送　　料","45",0,0,1,"一式",7000,0,7000,7000,0,7000,0,"不課税",0,"対象外",,"",,"",0,0,0,0,0,0,0,"しない","","","","",,"","",2025/07/10 11:36:35,"matsuba",,""
"*",0,"掛売上",2025/07/10,2025/07/10,"8678","","","85240","全農神奈川県本部　生産資材課","","85220","全国農業協同組合連合会","",3,"無税","","0000","その他","0004","松葉　良太","","","","三好　三浦市農協様分　1/7　5/15納品","","",0,"通常伝票","","","","","","","","","","","",,0,"",0,"売上","565650-43-001","シルクスイート(ｳｲﾙｽﾌﾘｰ) 50本束","15",0,0,20,"束",2449,0,2520,48980,0,50400,0,"不課税",0,"対象外",,"",,"",0,0,0,0,0,0,0,"しない","","","","",,"","",2025/07/10 11:34:56,"matsuba",,""
"",0,"掛売上",2025/07/10,2025/07/10,"8678","","","85240","全農神奈川県本部　生産資材課","","85220","全国農業協同組合連合会","",3,"無税","","0000","その他","0004","松葉　良太","","","","三好　三浦市農協様分　1/7　5/15納品","","",0,"通常伝票","","","","","","","","","","","",,0,"",0,"売上","566907-43-017","送　料","45",0,0,1,"一式",4500,0,4500,4500,0,4500,0,"不課税",0,"対象外",,"",,"",0,0,0,0,0,0,0,"しない","","","","",,"","",2025/07/10 11:34:56,"matsuba",,""
"*",0,"掛売上",2025/07/10,2025/07/10,"8677","","","85240","全農神奈川県本部　生産資材課","","85220","全国農業協同組合連合会","",3,"無税","","0000","その他","0004","松葉　良太","","","","三好　三浦市農協様分　1/7　5/8納品分","","",0,"通常伝票","","","","","","","","","","","",,0,"",0,"売上","565650-43-001","シルクスイート(ｳｲﾙｽﾌﾘｰ) 50本束","15",0,0,15,"束",2449,0,2520,36735,0,37800,0,"不課税",0,"対象外",,"",,"",0,0,0,0,0,0,0,"しない","","","","",,"","",2025/07/10 11:32:05,"matsuba",2025/07/10 11:33:43,"matsuba"
"",0,"掛売上",2025/07/10,2025/07/10,"8677","","","85240","全農神奈川県本部　生産資材課","","85220","全国農業協同組合連合会","",3,"無税","","0000","その他","0004","松葉　良太","","","","三好　三浦市農協様分　1/7　5/8納品分","","",0,"通常伝票","","","","","","","","","","","",,0,"",0,"売上","566907-43-014","送　料","45",0,0,1,"一式",4200,0,4200,4200,0,4200,0,"不課税",0,"対象外",,"",,"",0,0,0,0,0,0,0,"しない","","","","",,"","",2025/07/10 11:32:05,"matsuba",2025/07/10 11:33:43,"matsuba"
"*",0,"掛売上",2025/07/09,2025/07/09,"8676","","","85904","JA セレサ川崎　パーシモン","","85220","全国農業協同組合連合会","",3,"無税","","0000","その他","0004","松葉　良太","","","","ﾄｷﾀ　関口吉弘様","","",0,"通常伝票","","","","","","","","","","","",,0,"",0,"売上","563050-22-019","ﾘｿﾞｯﾄﾋﾞｱﾝｺ90 ｶﾘﾌﾗﾜｰ 小袋ｺｰﾄ50粒 490円","11",0,0,1,"袋",381,0,392,381,0,392,0,"不課税",0,"対象外",,"",,"",0,0,0,0,0,0,0,"しない","","","","",,"","",2025/07/09 14:40:09,"matsuba",,""
